position,const,created,modified,description,Title,Title type,Directors,You rated,IMDb Rating,Runtime (mins),Year,Genres,Num. Votes,Release Date (month/day/year),URL
1,tt0111161,Wed Sep 21 15:52:32 2016,Wed Sep 21 15:52:32 2016,,The Shawshank Redemption,Feature Film,Frank Darabont,,9.3,142,1994,"crime, drama",1714111,9/10/1994,http://www.imdb.com/title/tt0111161/
2,tt0068646,Wed Sep 21 15:52:33 2016,Wed Sep 21 15:52:33 2016,,The Godfather,Feature Film,Francis Ford Coppola,,9.2,175,1972,"crime, drama",1171581,3/14/1972,http://www.imdb.com/title/tt0068646/
3,tt0071562,Wed Sep 21 15:52:34 2016,Wed Sep 21 15:52:34 2016,,The Godfather: Part II,Feature Film,Francis Ford Coppola,,9,202,1974,"crime, drama",802658,12/12/1974,http://www.imdb.com/title/tt0071562/
4,tt0468569,Wed Sep 21 15:52:35 2016,Wed Sep 21 15:52:35 2016,,The Dark Knight,Feature Film,Christopher Nolan,,9,152,2008,"action, crime, drama, thriller",1700617,7/14/2008,http://www.imdb.com/title/tt0468569/
5,tt0108052,Wed Sep 21 15:52:35 2016,Wed Sep 21 15:52:35 2016,,Schindler's List,Feature Film,Steven Spielberg,,8.9,195,1993,"biography, drama, history",877702,11/30/1993,http://www.imdb.com/title/tt0108052/
6,tt0050083,Wed Sep 21 15:52:47 2016,Wed Sep 21 15:52:47 2016,,12 Angry Men,Feature Film,Sidney Lumet,,8.9,96,1957,"crime, drama",455973,4/10/1957,http://www.imdb.com/title/tt0050083/
7,tt0110912,Wed Sep 21 15:52:48 2016,Wed Sep 21 15:52:48 2016,,Pulp Fiction,Feature Film,Quentin Tarantino,,8.9,154,1994,"crime, drama",1343055,5/21/1994,http://www.imdb.com/title/tt0110912/
8,tt0167260,Wed Sep 21 15:52:49 2016,Wed Sep 21 15:52:49 2016,,The Lord of the Rings: The Return of the King,Feature Film,Peter Jackson,,8.9,201,2003,"action, adventure, drama, fantasy",1231896,12/1/2003,http://www.imdb.com/title/tt0167260/
9,tt0060196,Wed Sep 21 15:52:49 2016,Wed Sep 21 15:52:49 2016,,"The Good, the Bad and the Ugly",Feature Film,Sergio Leone,,8.9,161,1966,western,510302,12/23/1966,http://www.imdb.com/title/tt0060196/
10,tt0137523,Wed Sep 21 15:52:50 2016,Wed Sep 21 15:52:50 2016,,Fight Club,Feature Film,David Fincher,,8.8,139,1999,drama,1367863,9/10/1999,http://www.imdb.com/title/tt0137523/
11,tt0120737,Wed Sep 21 15:52:51 2016,Wed Sep 21 15:52:51 2016,,The Lord of the Rings: The Fellowship of the Ring,Feature Film,Peter Jackson,,8.8,178,2001,"action, adventure, drama, fantasy",1254650,12/10/2001,http://www.imdb.com/title/tt0120737/
12,tt0080684,Wed Sep 21 15:52:52 2016,Wed Sep 21 15:52:52 2016,,Star Wars: Episode V - The Empire Strikes Back,Feature Film,Irvin Kershner,,8.8,124,1980,"action, adventure, fantasy, sci_fi",850137,5/17/1980,http://www.imdb.com/title/tt0080684/
13,tt0109830,Wed Sep 21 15:59:42 2016,Wed Sep 21 15:59:42 2016,,Forrest Gump,Feature Film,Robert Zemeckis,,8.8,142,1994,"comedy, drama",1272433,6/23/1994,http://www.imdb.com/title/tt0109830/
14,tt1375666,Wed Sep 21 15:59:44 2016,Wed Sep 21 15:59:44 2016,,Inception,Feature Film,Christopher Nolan,,8.8,148,2010,"action, adventure, sci_fi, thriller",1491157,7/8/2010,http://www.imdb.com/title/tt1375666/
15,tt0167261,Wed Sep 21 15:59:45 2016,Wed Sep 21 15:59:45 2016,,The Lord of the Rings: The Two Towers,Feature Film,Peter Jackson,,8.7,179,2002,"action, adventure, drama, fantasy",1115434,12/5/2002,http://www.imdb.com/title/tt0167261/
16,tt0073486,Wed Sep 21 15:59:47 2016,Wed Sep 21 15:59:47 2016,,One Flew Over the Cuckoo's Nest,Feature Film,Milos Forman,,8.7,133,1975,drama,688802,11/19/1975,http://www.imdb.com/title/tt0073486/
17,tt0099685,Wed Sep 21 15:59:49 2016,Wed Sep 21 15:59:49 2016,,Goodfellas,Feature Film,Martin Scorsese,,8.7,146,1990,"biography, crime, drama",739244,9/9/1990,http://www.imdb.com/title/tt0099685/
18,tt0133093,Wed Sep 21 15:59:50 2016,Wed Sep 21 15:59:50 2016,,The Matrix,Feature Film,The Wachowski Brothers,,8.7,136,1999,"action, sci_fi",1234579,3/24/1999,http://www.imdb.com/title/tt0133093/
19,tt0047478,Wed Sep 21 15:59:53 2016,Wed Sep 21 15:59:53 2016,,Seven Samurai,Feature Film,Akira Kurosawa,,8.7,207,1954,"action, adventure, drama",232308,4/26/1954,http://www.imdb.com/title/tt0047478/
20,tt0076759,Wed Sep 21 15:59:53 2016,Wed Sep 21 15:59:53 2016,,Star Wars: Episode IV - A New Hope,Feature Film,George Lucas,,8.7,121,1977,"action, adventure, fantasy, sci_fi",923254,5/25/1977,http://www.imdb.com/title/tt0076759/
21,tt0317248,Wed Sep 21 15:59:57 2016,Wed Sep 21 15:59:57 2016,,City of God,Feature Film,"Fernando Meirelles, Kátia Lund",,8.7,130,2002,"crime, drama",540133,5/18/2002,http://www.imdb.com/title/tt0317248/
22,tt0114369,Wed Sep 21 15:59:58 2016,Wed Sep 21 15:59:58 2016,,Se7en,Feature Film,David Fincher,,8.6,127,1995,"crime, drama, mystery, thriller",1039896,9/15/1995,http://www.imdb.com/title/tt0114369/
23,tt0102926,Wed Sep 21 15:59:59 2016,Wed Sep 21 15:59:59 2016,,The Silence of the Lambs,Feature Film,Jonathan Demme,,8.6,118,1991,"crime, drama, thriller",901593,1/30/1991,http://www.imdb.com/title/tt0102926/
24,tt0038650,Wed Sep 21 15:59:59 2016,Wed Sep 21 15:59:59 2016,,It's a Wonderful Life,Feature Film,Frank Capra,,8.6,130,1946,"drama, family, fantasy",279442,12/21/1946,http://www.imdb.com/title/tt0038650/
25,tt0114814,Wed Sep 21 16:00:00 2016,Wed Sep 21 16:00:00 2016,,The Usual Suspects,Feature Film,Bryan Singer,,8.6,106,1995,"crime, drama, mystery, thriller",751261,1/25/1995,http://www.imdb.com/title/tt0114814/
26,tt0118799,Wed Sep 21 16:00:01 2016,Wed Sep 21 16:00:01 2016,,Life Is Beautiful,Feature Film,Roberto Benigni,,8.6,116,1997,"comedy, drama, war",427753,12/20/1997,http://www.imdb.com/title/tt0118799/
27,tt0110413,Wed Sep 21 16:00:02 2016,Wed Sep 21 16:00:02 2016,,Léon: The Professional,Feature Film,Luc Besson,,8.6,110,1994,"crime, drama, thriller",737148,9/14/1994,http://www.imdb.com/title/tt0110413/
28,tt0245429,Wed Sep 21 16:00:06 2016,Wed Sep 21 16:00:06 2016,,Spirited Away,Feature Film,Hayao Miyazaki,,8.6,125,2001,"animation, adventure, family, fantasy",426262,7/20/2001,http://www.imdb.com/title/tt0245429/
29,tt0064116,Wed Sep 21 16:00:07 2016,Wed Sep 21 16:00:07 2016,,Once Upon a Time in the West,Feature Film,Sergio Leone,,8.6,175,1968,western,219083,12/21/1968,http://www.imdb.com/title/tt0064116/
30,tt0120815,Wed Sep 21 16:00:08 2016,Wed Sep 21 16:00:08 2016,,Saving Private Ryan,Feature Film,Steven Spielberg,,8.6,169,1998,"action, drama, war",894881,7/24/1998,http://www.imdb.com/title/tt0120815/
31,tt0120586,Wed Sep 21 16:00:09 2016,Wed Sep 21 16:00:09 2016,,American History X,Feature Film,Tony Kaye,,8.6,119,1998,"crime, drama",793240,10/30/1998,http://www.imdb.com/title/tt0120586/
32,tt0034583,Wed Sep 21 16:00:10 2016,Wed Sep 21 16:00:10 2016,,Casablanca,Feature Film,Michael Curtiz,,8.6,102,1942,"drama, romance, war",392253,11/26/1942,http://www.imdb.com/title/tt0034583/
33,tt0816692,Wed Sep 21 16:00:10 2016,Wed Sep 21 16:00:10 2016,,Interstellar,Feature Film,Christopher Nolan,,8.6,169,2014,"adventure, drama, sci_fi",952214,10/26/2014,http://www.imdb.com/title/tt0816692/
34,tt0054215,Wed Sep 21 16:00:11 2016,Wed Sep 21 16:00:11 2016,,Psycho,Feature Film,Alfred Hitchcock,,8.5,109,1960,"horror, mystery, thriller",428890,6/16/1960,http://www.imdb.com/title/tt0054215/
35,tt0021749,Wed Sep 21 16:00:11 2016,Wed Sep 21 16:00:11 2016,,City Lights,Feature Film,Charles Chaplin,,8.6,87,1931,"comedy, drama, romance",110259,1/30/1931,http://www.imdb.com/title/tt0021749/
36,tt0082971,Wed Sep 21 16:00:16 2016,Wed Sep 21 16:00:16 2016,,Raiders of the Lost Ark,Feature Film,Steven Spielberg,,8.5,115,1981,"action, adventure",669381,6/12/1981,http://www.imdb.com/title/tt0082971/
37,tt0120689,Wed Sep 21 16:00:17 2016,Wed Sep 21 16:00:17 2016,,The Green Mile,Feature Film,Frank Darabont,,8.5,189,1999,"crime, drama, fantasy, mystery",797626,12/6/1999,http://www.imdb.com/title/tt0120689/
38,tt0027977,Wed Sep 21 16:00:17 2016,Wed Sep 21 16:00:17 2016,,Modern Times,Feature Film,Charlie Chaplin,,8.6,87,1936,"comedy, drama, family",145786,2/5/1936,http://www.imdb.com/title/tt0027977/
39,tt1675434,Wed Sep 21 16:00:18 2016,Wed Sep 21 16:00:18 2016,,The Intouchables,Feature Film,"Olivier Nakache, Eric Toledano",,8.6,112,2011,"biography, comedy, drama",514312,9/23/2011,http://www.imdb.com/title/tt1675434/
40,tt0047396,Wed Sep 21 16:00:19 2016,Wed Sep 21 16:00:19 2016,,Rear Window,Feature Film,Alfred Hitchcock,,8.5,112,1954,"mystery, thriller",320743,8/1/1954,http://www.imdb.com/title/tt0047396/
41,tt0103064,Wed Sep 21 16:00:20 2016,Wed Sep 21 16:00:20 2016,,Terminator 2: Judgment Day,Feature Film,James Cameron,,8.5,137,1991,"action, sci_fi, thriller",754710,7/1/1991,http://www.imdb.com/title/tt0103064/
42,tt0253474,Wed Sep 21 16:00:21 2016,Wed Sep 21 16:00:21 2016,,The Pianist,Feature Film,Roman Polanski,,8.5,150,2002,"biography, drama, war",507510,5/24/2002,http://www.imdb.com/title/tt0253474/
43,tt0407887,Wed Sep 21 16:00:25 2016,Wed Sep 21 16:00:25 2016,,The Departed,Feature Film,Martin Scorsese,,8.5,151,2006,"crime, drama, thriller",886526,9/26/2006,http://www.imdb.com/title/tt0407887/
44,tt0088763,Wed Sep 21 16:00:26 2016,Wed Sep 21 16:00:26 2016,,Back to the Future,Feature Film,Robert Zemeckis,,8.5,116,1985,"adventure, comedy, sci_fi",743850,7/3/1985,http://www.imdb.com/title/tt0088763/
45,tt2582802,Wed Sep 21 16:00:28 2016,Wed Sep 21 16:00:28 2016,,Whiplash,Feature Film,Damien Chazelle,,8.5,107,2014,"drama, music",414705,1/16/2014,http://www.imdb.com/title/tt2582802/
46,tt0172495,Wed Sep 21 16:00:29 2016,Wed Sep 21 16:00:29 2016,,Gladiator,Feature Film,Ridley Scott,,8.5,155,2000,"action, adventure, drama",996626,5/1/2000,http://www.imdb.com/title/tt0172495/
47,tt0209144,Wed Sep 21 16:00:30 2016,Wed Sep 21 16:00:30 2016,,Memento,Feature Film,Christopher Nolan,,8.5,113,2000,"mystery, thriller",858119,9/5/2000,http://www.imdb.com/title/tt0209144/
48,tt0078788,Wed Sep 21 16:00:31 2016,Wed Sep 21 16:00:31 2016,,Apocalypse Now,Feature Film,Francis Coppola,,8.5,153,1979,"drama, war",456228,5/19/1979,http://www.imdb.com/title/tt0078788/
49,tt0482571,Wed Sep 21 16:00:32 2016,Wed Sep 21 16:00:32 2016,,The Prestige,Feature Film,Christopher Nolan,,8.5,130,2006,"drama, mystery, sci_fi, thriller",857761,10/17/2006,http://www.imdb.com/title/tt0482571/
50,tt0110357,Wed Sep 21 16:00:32 2016,Wed Sep 21 16:00:32 2016,,The Lion King,Feature Film,"Roger Allers, Rob Minkoff",,8.5,89,1994,"animation, adventure, drama, family, musical",655692,5/7/1994,http://www.imdb.com/title/tt0110357/
51,tt0057012,Wed Sep 21 16:00:33 2016,Wed Sep 21 16:00:33 2016,,Dr. Strangelove or: How I Learned to Stop Worrying and Love the Bomb,Feature Film,Stanley Kubrick,,8.5,95,1964,comedy,347079,1/29/1964,http://www.imdb.com/title/tt0057012/
52,tt0043014,Wed Sep 21 16:00:38 2016,Wed Sep 21 16:00:38 2016,,Sunset Blvd.,Feature Film,Billy Wilder,,8.5,110,1950,"drama, film_noir",141500,8/10/1950,http://www.imdb.com/title/tt0043014/
53,tt0078748,Wed Sep 21 16:00:39 2016,Wed Sep 21 16:00:39 2016,,Alien,Feature Film,Ridley Scott,,8.5,117,1979,"horror, sci_fi",572094,5/25/1979,http://www.imdb.com/title/tt0078748/
54,tt0032553,Wed Sep 21 16:00:40 2016,Wed Sep 21 16:00:40 2016,,The Great Dictator,Feature Film,Charles Chaplin,,8.5,125,1940,"comedy, drama, war",139974,10/15/1940,http://www.imdb.com/title/tt0032553/
55,tt0405094,Wed Sep 21 16:00:41 2016,Wed Sep 21 16:00:41 2016,,The Lives of Others,Feature Film,Florian Henckel von Donnersmarck,,8.5,137,2006,"drama, thriller",263266,3/15/2006,http://www.imdb.com/title/tt0405094/
56,tt0095765,Wed Sep 21 16:00:42 2016,Wed Sep 21 16:00:42 2016,,Cinema Paradiso,Feature Film,Giuseppe Tornatore,,8.5,155,1988,drama,155101,9/29/1988,http://www.imdb.com/title/tt0095765/
57,tt0050825,Wed Sep 21 16:00:43 2016,Wed Sep 21 16:00:43 2016,,Paths of Glory,Feature Film,Stanley Kubrick,,8.5,88,1957,"drama, war",122820,9/18/1957,http://www.imdb.com/title/tt0050825/
58,tt1853728,Wed Sep 21 16:00:44 2016,Wed Sep 21 16:00:44 2016,,Django Unchained,Feature Film,Quentin Tarantino,,8.5,165,2012,"drama, western",972066,12/11/2012,http://www.imdb.com/title/tt1853728/
59,tt0081505,Wed Sep 21 16:00:49 2016,Wed Sep 21 16:00:49 2016,,The Shining,Feature Film,Stanley Kubrick,,8.4,146,1980,"drama, horror",619752,5/23/1980,http://www.imdb.com/title/tt0081505/
60,tt0095327,Wed Sep 21 16:00:49 2016,Wed Sep 21 16:00:49 2016,,Grave of the Fireflies,Feature Film,Isao Takahata,,8.5,89,1988,"animation, drama, war",141582,4/16/1988,http://www.imdb.com/title/tt0095327/
61,tt0910970,Wed Sep 21 16:00:50 2016,Wed Sep 21 16:00:50 2016,,WALL·E,Feature Film,Andrew Stanton,,8.4,98,2008,"animation, adventure, family, sci_fi",730324,6/21/2008,http://www.imdb.com/title/tt0910970/
62,tt1345836,Wed Sep 21 16:00:51 2016,Wed Sep 21 16:00:51 2016,,The Dark Knight Rises,Feature Film,Christopher Nolan,,8.5,164,2012,"action, thriller",1161149,7/16/2012,http://www.imdb.com/title/tt1345836/
63,tt0169547,Wed Sep 21 16:00:52 2016,Wed Sep 21 16:00:52 2016,,American Beauty,Feature Film,Sam Mendes,,8.4,122,1999,"drama, romance",833327,9/8/1999,http://www.imdb.com/title/tt0169547/
64,tt0090605,Wed Sep 21 16:00:52 2016,Wed Sep 21 16:00:52 2016,,Aliens,Feature Film,James Cameron,,8.4,137,1986,"action, adventure, sci_fi, thriller",494503,7/14/1986,http://www.imdb.com/title/tt0090605/
65,tt0119698,Wed Sep 21 16:00:56 2016,Wed Sep 21 16:00:56 2016,,Princess Mononoke,Feature Film,Hayao Miyazaki,,8.4,134,1997,"animation, adventure, fantasy",225582,7/12/1997,http://www.imdb.com/title/tt0119698/
66,tt0364569,Wed Sep 21 16:00:56 2016,Wed Sep 21 16:00:56 2016,,Oldboy,Feature Film,Chan-wook Park,,8.4,120,2003,"drama, mystery, thriller",362257,11/21/2003,http://www.imdb.com/title/tt0364569/
67,tt0087843,Wed Sep 21 16:00:57 2016,Wed Sep 21 16:00:57 2016,,Once Upon a Time in America,Feature Film,Sergio Leone,,8.4,229,1984,"crime, drama",224284,2/17/1984,http://www.imdb.com/title/tt0087843/
68,tt0033467,Wed Sep 21 16:00:59 2016,Wed Sep 21 16:00:59 2016,,Citizen Kane,Feature Film,Orson Welles,,8.4,119,1941,"drama, mystery",301759,5/1/1941,http://www.imdb.com/title/tt0033467/
69,tt0082096,Wed Sep 21 16:01:00 2016,Wed Sep 21 16:01:00 2016,,Das Boot,Feature Film,Wolfgang Petersen,,8.4,149,1981,"adventure, drama, thriller, war",170245,9/17/1981,http://www.imdb.com/title/tt0082096/
70,tt0053125,Wed Sep 21 16:01:00 2016,Wed Sep 21 16:01:00 2016,,North by Northwest,Feature Film,Alfred Hitchcock,,8.4,136,1959,"action, adventure, crime, mystery, thriller",222944,7/17/1959,http://www.imdb.com/title/tt0053125/
71,tt0051201,Wed Sep 21 16:01:01 2016,Wed Sep 21 16:01:01 2016,,Witness for the Prosecution,Feature Film,Billy Wilder,,8.4,116,1957,"crime, drama, mystery, thriller",64575,12/17/1957,http://www.imdb.com/title/tt0051201/
72,tt0052357,Wed Sep 21 16:01:06 2016,Wed Sep 21 16:01:06 2016,,Vertigo,Feature Film,Alfred Hitchcock,,8.4,128,1958,"mystery, romance, thriller",252861,5/9/1958,http://www.imdb.com/title/tt0052357/
73,tt0086190,Wed Sep 21 16:01:06 2016,Wed Sep 21 16:01:06 2016,,Star Wars: Episode VI - Return of the Jedi,Feature Film,Richard Marquand,,8.4,131,1983,"action, adventure, fantasy, sci_fi",692698,5/25/1983,http://www.imdb.com/title/tt0086190/
74,tt0022100,Wed Sep 21 16:01:07 2016,Wed Sep 21 16:01:07 2016,,M,Feature Film,Fritz Lang,,8.4,117,1931,"crime, drama, mystery, thriller",100480,5/11/1931,http://www.imdb.com/title/tt0022100/
75,tt0105236,Wed Sep 21 16:01:08 2016,Wed Sep 21 16:01:08 2016,,Reservoir Dogs,Feature Film,Quentin Tarantino,,8.4,99,1992,"crime, drama, thriller",674313,1/21/1992,http://www.imdb.com/title/tt0105236/
76,tt0112573,Wed Sep 21 16:01:09 2016,Wed Sep 21 16:01:09 2016,,Braveheart,Feature Film,Mel Gibson,,8.4,178,1995,"biography, drama, history, war",746410,5/18/1995,http://www.imdb.com/title/tt0112573/
77,tt0211915,Wed Sep 21 16:01:10 2016,Wed Sep 21 16:01:10 2016,,Amélie,Feature Film,Jean-Pierre Jeunet,,8.4,122,2001,"comedy, romance",541870,4/25/2001,http://www.imdb.com/title/tt0211915/
78,tt0180093,Wed Sep 21 16:01:11 2016,Wed Sep 21 16:01:11 2016,,Requiem for a Dream,Feature Film,Darren Aronofsky,,8.4,102,2000,drama,581383,5/14/2000,http://www.imdb.com/title/tt0180093/
79,tt0066921,Wed Sep 21 16:01:12 2016,Wed Sep 21 16:01:12 2016,,A Clockwork Orange,Feature Film,Stanley Kubrick,,8.3,136,1971,"crime, drama, sci_fi",566544,12/19/1971,http://www.imdb.com/title/tt0066921/
80,tt0075314,Wed Sep 21 16:01:13 2016,Wed Sep 21 16:01:13 2016,,Taxi Driver,Feature Film,Martin Scorsese,,8.3,113,1976,"crime, drama",515122,2/7/1976,http://www.imdb.com/title/tt0075314/
81,tt0036775,Wed Sep 21 16:01:18 2016,Wed Sep 21 16:01:18 2016,,Double Indemnity,Feature Film,Billy Wilder,,8.4,107,1944,"crime, drama, film_noir, mystery, thriller",99197,4/24/1944,http://www.imdb.com/title/tt0036775/
82,tt0056172,Wed Sep 21 16:01:18 2016,Wed Sep 21 16:01:18 2016,,Lawrence of Arabia,Feature Film,David Lean,,8.4,216,1962,"adventure, biography, drama, history, war",195470,12/10/1962,http://www.imdb.com/title/tt0056172/
83,tt0435761,Wed Sep 21 16:01:19 2016,Wed Sep 21 16:01:19 2016,,Toy Story 3,Feature Film,Lee Unkrich,,8.3,103,2010,"animation, adventure, comedy, family, fantasy",553299,6/12/2010,http://www.imdb.com/title/tt0435761/
84,tt0056592,Wed Sep 21 16:01:20 2016,Wed Sep 21 16:01:20 2016,,To Kill a Mockingbird,Feature Film,Robert Mulligan,,8.3,129,1962,"crime, drama",218308,12/25/1962,http://www.imdb.com/title/tt0056592/
85,tt0338013,Wed Sep 21 16:01:21 2016,Wed Sep 21 16:01:21 2016,,Eternal Sunshine of the Spotless Mind,Feature Film,Michel Gondry,,8.3,108,2004,"drama, fantasy, romance, sci_fi",677180,3/9/2004,http://www.imdb.com/title/tt0338013/
86,tt0086879,Wed Sep 21 16:01:21 2016,Wed Sep 21 16:01:21 2016,,Amadeus,Feature Film,Milos Forman,,8.3,160,1984,"biography, drama, history, music",274500,9/6/1984,http://www.imdb.com/title/tt0086879/
87,tt0093058,Wed Sep 21 16:01:22 2016,Wed Sep 21 16:01:22 2016,,Full Metal Jacket,Feature Film,Stanley Kubrick,,8.3,116,1987,"drama, war",492644,6/17/1987,http://www.imdb.com/title/tt0093058/
88,tt0070735,Wed Sep 21 16:01:23 2016,Wed Sep 21 16:01:23 2016,,The Sting,Feature Film,George Roy Hill,,8.3,129,1973,"comedy, crime, drama",178023,12/25/1973,http://www.imdb.com/title/tt0070735/
89,tt0040522,Wed Sep 21 16:01:27 2016,Wed Sep 21 16:01:27 2016,,Bicycle Thieves,Feature Film,Vittorio De Sica,,8.3,89,1948,drama,96192,11/24/1948,http://www.imdb.com/title/tt0040522/
90,tt0062622,Wed Sep 21 16:01:28 2016,Wed Sep 21 16:01:28 2016,,2001: A Space Odyssey,Feature Film,Stanley Kubrick,,8.3,149,1968,"adventure, mystery, sci_fi",433928,4/2/1968,http://www.imdb.com/title/tt0062622/
91,tt0114709,Wed Sep 21 16:01:29 2016,Wed Sep 21 16:01:29 2016,,Toy Story,Feature Film,John Lasseter,,8.3,81,1995,"animation, adventure, comedy, family, fantasy",633677,11/19/1995,http://www.imdb.com/title/tt0114709/
92,tt0045152,Wed Sep 21 16:01:30 2016,Wed Sep 21 16:01:30 2016,,Singin' in the Rain,Feature Film,"Stanley Donen, Gene Kelly",,8.3,103,1952,"comedy, musical, romance",152215,3/27/1952,http://www.imdb.com/title/tt0045152/
93,tt0208092,Wed Sep 21 16:01:30 2016,Wed Sep 21 16:01:30 2016,,Snatch,Feature Film,Guy Ritchie,,8.3,104,2000,"comedy, crime",608795,8/23/2000,http://www.imdb.com/title/tt0208092/
94,tt0361748,Wed Sep 21 16:01:31 2016,Wed Sep 21 16:01:31 2016,,Inglourious Basterds,Feature Film,Quentin Tarantino,,8.3,153,2009,"adventure, drama, war",899870,5/20/2009,http://www.imdb.com/title/tt0361748/
95,tt0012349,Wed Sep 21 16:01:32 2016,Wed Sep 21 16:01:32 2016,,The Kid,Feature Film,Charlie Chaplin,,8.3,68,1921,"comedy, drama, family",68993,1/21/1921,http://www.imdb.com/title/tt0012349/
96,tt0071853,Wed Sep 21 16:01:32 2016,Wed Sep 21 16:01:32 2016,,Monty Python and the Holy Grail,Feature Film,"Terry Gilliam, Terry Jones",,8.3,91,1975,"adventure, comedy, fantasy",386959,3/14/1975,http://www.imdb.com/title/tt0071853/
97,tt0119488,Wed Sep 21 16:01:37 2016,Wed Sep 21 16:01:37 2016,,L.A. Confidential,Feature Film,Curtis Hanson,,8.3,138,1997,"crime, drama, mystery, thriller",419405,5/14/1997,http://www.imdb.com/title/tt0119488/
98,tt0059578,Wed Sep 21 16:01:38 2016,Wed Sep 21 16:01:38 2016,,For a Few Dollars More,Feature Film,Sergio Leone,,8.3,132,1965,western,160059,12/18/1965,http://www.imdb.com/title/tt0059578/
99,tt0042876,Wed Sep 21 16:01:39 2016,Wed Sep 21 16:01:39 2016,,Rashomon,Feature Film,Akira Kurosawa,,8.3,88,1950,"crime, drama, mystery",104261,8/26/1950,http://www.imdb.com/title/tt0042876/
100,tt0053604,Wed Sep 21 16:01:39 2016,Wed Sep 21 16:01:39 2016,,The Apartment,Feature Film,Billy Wilder,,8.3,125,1960,"comedy, drama, romance",111024,6/15/1960,http://www.imdb.com/title/tt0053604/
101,tt0086250,Wed Sep 21 16:01:40 2016,Wed Sep 21 16:01:40 2016,,Scarface,Feature Film,Brian De Palma,,8.3,170,1983,"crime, drama",545098,12/1/1983,http://www.imdb.com/title/tt0086250/
102,tt1187043,Wed Sep 21 16:01:41 2016,Wed Sep 21 16:01:41 2016,,3 Idiots,Feature Film,Rajkumar Hirani,,8.4,170,2009,"comedy, drama",213996,12/23/2009,http://www.imdb.com/title/tt1187043/
103,tt0097576,Wed Sep 21 16:01:42 2016,Wed Sep 21 16:01:42 2016,,Indiana Jones and the Last Crusade,Feature Film,Steven Spielberg,,8.3,127,1989,"action, adventure, fantasy",522381,5/24/1989,http://www.imdb.com/title/tt0097576/
104,tt1832382,Wed Sep 21 16:01:42 2016,Wed Sep 21 16:01:42 2016,,A Separation,Feature Film,Asghar Farhadi,,8.4,123,2011,"drama, mystery",154505,2/15/2011,http://www.imdb.com/title/tt1832382/
105,tt0017136,Wed Sep 21 16:01:46 2016,Wed Sep 21 16:01:46 2016,,Metropolis,Feature Film,Fritz Lang,,8.3,153,1927,"drama, sci_fi",113482,1/10/1927,http://www.imdb.com/title/tt0017136/
106,tt2106476,Wed Sep 21 16:01:47 2016,Wed Sep 21 16:01:47 2016,,The Hunt,Feature Film,Thomas Vinterberg,,8.3,115,2012,drama,174379,5/20/2012,http://www.imdb.com/title/tt2106476/
107,tt0042192,Wed Sep 21 16:01:47 2016,Wed Sep 21 16:01:47 2016,,All About Eve,Feature Film,Joseph L. Mankiewicz,,8.3,138,1950,drama,84075,10/13/1950,http://www.imdb.com/title/tt0042192/
108,tt0055630,Wed Sep 21 16:01:48 2016,Wed Sep 21 16:01:48 2016,,Yojimbo,Feature Film,Akira Kurosawa,,8.3,110,1961,"action, drama, thriller",75106,4/25/1961,http://www.imdb.com/title/tt0055630/
109,tt0119217,Wed Sep 21 16:01:49 2016,Wed Sep 21 16:01:49 2016,,Good Will Hunting,Feature Film,Gus Van Sant,,8.3,126,1997,drama,614686,12/2/1997,http://www.imdb.com/title/tt0119217/
110,tt0372784,Wed Sep 21 16:01:49 2016,Wed Sep 21 16:01:49 2016,,Batman Begins,Feature Film,Christopher Nolan,,8.3,140,2005,"action, adventure",995635,5/31/2005,http://www.imdb.com/title/tt0372784/
111,tt0040897,Wed Sep 21 16:01:54 2016,Wed Sep 21 16:01:54 2016,,The Treasure of the Sierra Madre,Feature Film,John Huston,,8.3,126,1948,"adventure, drama, western",80348,1/24/1948,http://www.imdb.com/title/tt0040897/
112,tt0053291,Wed Sep 21 16:01:54 2016,Wed Sep 21 16:01:54 2016,,Some Like It Hot,Feature Film,Billy Wilder,,8.3,120,1959,"comedy, romance",177453,2/5/1959,http://www.imdb.com/title/tt0053291/
113,tt1049413,Wed Sep 21 16:01:56 2016,Wed Sep 21 16:01:56 2016,,Up,Feature Film,"Pete Docter, Bob Peterson",,8.3,96,2009,"animation, adventure, comedy, family",677034,5/13/2009,http://www.imdb.com/title/tt1049413/
114,tt0105695,Wed Sep 21 16:01:56 2016,Wed Sep 21 16:01:56 2016,,Unforgiven,Feature Film,Clint Eastwood,,8.3,131,1992,"drama, western",281302,8/3/1992,http://www.imdb.com/title/tt0105695/
115,tt0041959,Wed Sep 21 16:01:57 2016,Wed Sep 21 16:01:57 2016,,The Third Man,Feature Film,Carol Reed,,8.3,104,1949,"film_noir, mystery, thriller",115270,8/31/1949,http://www.imdb.com/title/tt0041959/
116,tt0363163,Wed Sep 21 16:01:58 2016,Wed Sep 21 16:01:58 2016,,Downfall,Feature Film,Oliver Hirschbiegel,,8.3,156,2004,"biography, drama, history, war",251468,9/8/2004,http://www.imdb.com/title/tt0363163/
117,tt0081398,Wed Sep 21 16:01:58 2016,Wed Sep 21 16:01:58 2016,,Raging Bull,Feature Film,Martin Scorsese,,8.3,129,1980,"biography, drama, sport",238116,11/13/1980,http://www.imdb.com/title/tt0081398/
118,tt0118849,Wed Sep 21 16:02:01 2016,Wed Sep 21 16:02:01 2016,,Children of Heaven,Feature Film,Majid Majidi,,8.4,89,1997,"drama, family",29401,1997-02,http://www.imdb.com/title/tt0118849/
119,tt0095016,Wed Sep 21 16:02:05 2016,Wed Sep 21 16:02:05 2016,,Die Hard,Feature Film,John McTiernan,,8.2,131,1988,"action, thriller",600188,7/12/1988,http://www.imdb.com/title/tt0095016/
120,tt0057115,Wed Sep 21 16:02:06 2016,Wed Sep 21 16:02:06 2016,,The Great Escape,Feature Film,John Sturges,,8.3,172,1963,"adventure, drama, history, thriller, war",167966,6/20/1963,http://www.imdb.com/title/tt0057115/
121,tt2096673,Wed Sep 21 16:02:06 2016,Wed Sep 21 16:02:06 2016,,Inside Out,Feature Film,"Pete Docter, Ronnie Del Carmen",,8.3,95,2015,"animation, adventure, comedy, drama, family, fantasy",361457,5/18/2015,http://www.imdb.com/title/tt2096673/
122,tt0071315,Wed Sep 21 16:02:07 2016,Wed Sep 21 16:02:07 2016,,Chinatown,Feature Film,Roman Polanski,,8.2,130,1974,"drama, mystery, thriller",219149,6/20/1974,http://www.imdb.com/title/tt0071315/
123,tt0113277,Wed Sep 21 16:02:07 2016,Wed Sep 21 16:02:07 2016,,Heat,Feature Film,Michael Mann,,8.2,170,1995,"action, crime, drama, thriller",436691,12/6/1995,http://www.imdb.com/title/tt0113277/
124,tt0457430,Wed Sep 21 16:02:08 2016,Wed Sep 21 16:02:08 2016,,Pan's Labyrinth,Feature Film,Guillermo del Toro,,8.2,118,2006,"drama, fantasy, war",473974,5/27/2006,http://www.imdb.com/title/tt0457430/
125,tt3170832,Wed Sep 21 16:02:09 2016,Wed Sep 21 16:02:09 2016,,Room,Feature Film,Lenny Abrahamson,,8.2,118,2015,drama,176288,9/4/2015,http://www.imdb.com/title/tt3170832/
126,tt0047296,Wed Sep 21 16:02:10 2016,Wed Sep 21 16:02:10 2016,,On the Waterfront,Feature Film,Elia Kazan,,8.2,108,1954,"crime, drama, thriller",102310,6/22/1954,http://www.imdb.com/title/tt0047296/
127,tt0096283,Wed Sep 21 16:02:13 2016,Wed Sep 21 16:02:13 2016,,My Neighbor Totoro,Feature Film,Hayao Miyazaki,,8.2,86,1988,"animation, family, fantasy",176214,4/16/1988,http://www.imdb.com/title/tt0096283/
128,tt0044741,Wed Sep 21 16:02:14 2016,Wed Sep 21 16:02:14 2016,,Ikiru,Feature Film,Akira Kurosawa,,8.3,143,1952,drama,43024,10/9/1952,http://www.imdb.com/title/tt0044741/
129,tt0089881,Wed Sep 21 16:02:15 2016,Wed Sep 21 16:02:15 2016,,Ran,Feature Film,Akira Kurosawa,,8.3,162,1985,"action, drama",78873,5/25/1985,http://www.imdb.com/title/tt0089881/
130,tt0015864,Wed Sep 21 16:02:16 2016,Wed Sep 21 16:02:16 2016,,The Gold Rush,Feature Film,Charles Chaplin,,8.2,95,1925,"adventure, comedy, drama, family, western",69004,6/26/1925,http://www.imdb.com/title/tt0015864/
131,tt0031679,Wed Sep 21 16:02:17 2016,Wed Sep 21 16:02:17 2016,,Mr. Smith Goes to Washington,Feature Film,Frank Capra,,8.2,129,1939,"comedy, drama",78332,10/17/1939,http://www.imdb.com/title/tt0031679/
132,tt0050212,Wed Sep 21 16:02:18 2016,Wed Sep 21 16:02:18 2016,,The Bridge on the River Kwai,Feature Film,David Lean,,8.2,161,1957,"adventure, drama, war",151638,10/2/1957,http://www.imdb.com/title/tt0050212/
133,tt1305806,Wed Sep 21 16:02:19 2016,Wed Sep 21 16:02:19 2016,,The Secret in Their Eyes,Feature Film,Juan José Campanella,,8.2,129,2009,"drama, mystery, thriller",134519,8/13/2009,http://www.imdb.com/title/tt1305806/
134,tt0019254,Wed Sep 21 16:02:20 2016,Wed Sep 21 16:02:20 2016,,The Passion of Joan of Arc,Feature Film,Carl Th. Dreyer,,8.3,110,1928,"biography, drama, history",26104,4/21/1928,http://www.imdb.com/title/tt0019254/
135,tt0083658,Wed Sep 21 16:02:27 2016,Wed Sep 21 16:02:27 2016,,Blade Runner,Feature Film,Ridley Scott,,8.2,117,1982,"sci_fi, thriller",467161,6/25/1982,http://www.imdb.com/title/tt0083658/
136,tt0050976,Wed Sep 21 16:02:28 2016,Wed Sep 21 16:02:28 2016,,The Seventh Seal,Feature Film,Ingmar Bergman,,8.2,96,1957,"drama, fantasy",113624,2/16/1957,http://www.imdb.com/title/tt0050976/
137,tt0120735,Wed Sep 21 16:02:28 2016,Wed Sep 21 16:02:28 2016,,"Lock, Stock and Two Smoking Barrels",Feature Film,Guy Ritchie,,8.2,107,1998,"comedy, crime",420030,8/23/1998,http://www.imdb.com/title/tt0120735/
138,tt0347149,Wed Sep 21 16:02:29 2016,Wed Sep 21 16:02:29 2016,,Howl's Moving Castle,Feature Film,Hayao Miyazaki,,8.2,119,2004,"animation, adventure, family, fantasy",218176,9/5/2004,http://www.imdb.com/title/tt0347149/
139,tt0112641,Wed Sep 21 16:02:30 2016,Wed Sep 21 16:02:30 2016,,Casino,Feature Film,Martin Scorsese,,8.2,178,1995,"biography, crime, drama",338430,11/14/1995,http://www.imdb.com/title/tt0112641/
140,tt0017925,Wed Sep 21 16:02:31 2016,Wed Sep 21 16:02:31 2016,,The General,Feature Film,"Clyde Bruckman, Buster Keaton",,8.2,67,1926,"action, adventure, comedy, drama, war",54439,12/31/1926,http://www.imdb.com/title/tt0017925/
141,tt0050986,Wed Sep 21 16:02:32 2016,Wed Sep 21 16:02:32 2016,,Wild Strawberries,Feature Film,Ingmar Bergman,,8.2,91,1957,"drama, romance",64084,12/26/1957,http://www.imdb.com/title/tt0050986/
142,tt0018455,Wed Sep 21 16:02:37 2016,Wed Sep 21 16:02:37 2016,,Sunrise,Feature Film,F.W. Murnau,,8.3,94,1927,"drama, romance",29945,9/23/1927,http://www.imdb.com/title/tt0018455/
143,tt0055031,Wed Sep 21 16:02:38 2016,Wed Sep 21 16:02:38 2016,,Judgment at Nuremberg,Feature Film,Stanley Kramer,,8.3,186,1961,"drama, war",45314,12/14/1961,http://www.imdb.com/title/tt0055031/
144,tt0080678,Wed Sep 21 16:02:39 2016,Wed Sep 21 16:02:39 2016,,The Elephant Man,Feature Film,David Lynch,,8.2,124,1980,"biography, drama",164144,10/2/1980,http://www.imdb.com/title/tt0080678/
145,tt0268978,Wed Sep 21 16:02:39 2016,Wed Sep 21 16:02:39 2016,,A Beautiful Mind,Feature Film,Ron Howard,,8.2,135,2001,"biography, drama",620845,12/13/2001,http://www.imdb.com/title/tt0268978/
146,tt1291584,Wed Sep 21 16:02:40 2016,Wed Sep 21 16:02:40 2016,,Warrior,Feature Film,Gavin OConnor,,8.2,140,2011,"drama, sport",337136,9/9/2011,http://www.imdb.com/title/tt1291584/
147,tt0993846,Wed Sep 21 16:02:41 2016,Wed Sep 21 16:02:41 2016,,The Wolf of Wall Street,Feature Film,Martin Scorsese,,8.2,180,2013,"biography, comedy, crime, drama",798478,12/17/2013,http://www.imdb.com/title/tt0993846/
148,tt0434409,Wed Sep 21 16:02:42 2016,Wed Sep 21 16:02:42 2016,,V for Vendetta,Feature Film,James McTeigue,,8.2,132,2005,"action, drama, thriller",802660,12/11/2005,http://www.imdb.com/title/tt0434409/
149,tt1255953,Wed Sep 21 16:02:42 2016,Wed Sep 21 16:02:42 2016,,Incendies,Feature Film,Denis Villeneuve,,8.2,139,2010,"drama, mystery, war",82631,9/3/2010,http://www.imdb.com/title/tt1255953/
150,tt0046438,Wed Sep 21 16:02:48 2016,Wed Sep 21 16:02:48 2016,,Tokyo Story,Feature Film,Yasujirô Ozu,,8.3,136,1953,drama,27475,11/3/1953,http://www.imdb.com/title/tt0046438/
151,tt1205489,Wed Sep 21 16:02:49 2016,Wed Sep 21 16:02:49 2016,,Gran Torino,Feature Film,Clint Eastwood,,8.2,116,2008,drama,568331,12/9/2008,http://www.imdb.com/title/tt1205489/
152,tt0118715,Wed Sep 21 16:02:52 2016,Wed Sep 21 16:02:52 2016,,The Big Lebowski,Feature Film,Joel Coen,,8.2,117,1998,"comedy, crime",545257,2/15/1998,http://www.imdb.com/title/tt0118715/
153,tt2488496,Wed Sep 21 16:02:53 2016,Wed Sep 21 16:02:53 2016,,Star Wars: The Force Awakens,Feature Film,J.J. Abrams,,8.2,138,2015,"action, adventure, fantasy, sci_fi",586931,12/14/2015,http://www.imdb.com/title/tt2488496/
154,tt0077416,Wed Sep 21 16:02:54 2016,Wed Sep 21 16:02:54 2016,,The Deer Hunter,Feature Film,Michael Cimino,,8.2,183,1978,"drama, war",235565,12/8/1978,http://www.imdb.com/title/tt0077416/
155,tt0046912,Wed Sep 21 16:02:54 2016,Wed Sep 21 16:02:54 2016,,Dial M for Murder,Feature Film,Alfred Hitchcock,,8.2,105,1954,"crime, film_noir, thriller",108277,5/18/1954,http://www.imdb.com/title/tt0046912/
156,tt0117951,Wed Sep 21 16:02:55 2016,Wed Sep 21 16:02:55 2016,,Trainspotting,Feature Film,Danny Boyle,,8.2,94,1996,drama,475666,2/23/1996,http://www.imdb.com/title/tt0117951/
157,tt0031381,Wed Sep 21 16:02:55 2016,Wed Sep 21 16:02:55 2016,,Gone with the Wind,Feature Film,Victor Fleming,,8.2,238,1939,"drama, history, romance, war",218016,12/15/1939,http://www.imdb.com/title/tt0031381/
158,tt0032976,Wed Sep 21 16:02:57 2016,Wed Sep 21 16:02:57 2016,,Rebecca,Feature Film,Alfred Hitchcock,,8.2,130,1940,"drama, film_noir, mystery, romance, thriller",88665,3/27/1940,http://www.imdb.com/title/tt0032976/
159,tt0116282,Wed Sep 21 16:03:00 2016,Wed Sep 21 16:03:00 2016,,Fargo,Feature Film,Joel Coen,,8.1,98,1996,"crime, drama, thriller",460668,3/8/1996,http://www.imdb.com/title/tt0116282/
160,tt0061512,Wed Sep 21 16:03:00 2016,Wed Sep 21 16:03:00 2016,,Cool Hand Luke,Feature Film,Stuart Rosenberg,,8.2,126,1967,drama,121365,11/1/1967,http://www.imdb.com/title/tt0061512/
161,tt0266543,Wed Sep 21 16:03:04 2016,Wed Sep 21 16:03:04 2016,,Finding Nemo,Feature Film,"Andrew Stanton, Lee Unkrich",,8.2,100,2003,"animation, adventure, comedy, family",704470,5/30/2003,http://www.imdb.com/title/tt0266543/
162,tt0892769,Wed Sep 21 16:03:05 2016,Wed Sep 21 16:03:05 2016,,How to Train Your Dragon,Feature Film,"Dean DeBlois, Chris Sanders",,8.2,98,2010,"animation, action, adventure, comedy, family, fantasy",493241,3/18/2010,http://www.imdb.com/title/tt0892769/
163,tt0167404,Wed Sep 21 16:03:06 2016,Wed Sep 21 16:03:06 2016,,The Sixth Sense,Feature Film,M. Night Shyamalan,,8.1,107,1999,"drama, mystery, thriller",713427,8/2/1999,http://www.imdb.com/title/tt0167404/
164,tt0084787,Wed Sep 21 16:03:07 2016,Wed Sep 21 16:03:07 2016,,The Thing,Feature Film,John Carpenter,,8.2,109,1982,"horror, mystery, sci_fi",262431,6/25/1982,http://www.imdb.com/title/tt0084787/
165,tt0477348,Wed Sep 21 16:03:07 2016,Wed Sep 21 16:03:07 2016,,No Country for Old Men,Feature Film,"Ethan Coen, Joel Coen",,8.1,122,2007,"crime, drama, thriller",622519,5/19/2007,http://www.imdb.com/title/tt0477348/
166,tt0758758,Wed Sep 21 16:03:08 2016,Wed Sep 21 16:03:08 2016,,Into the Wild,Feature Film,Sean Penn,,8.2,148,2007,"adventure, biography, drama",433083,9/1/2007,http://www.imdb.com/title/tt0758758/
167,tt0074896,Wed Sep 21 16:03:09 2016,Wed Sep 21 16:03:09 2016,,The Message,Feature Film,Moustapha Akkad,,8.4,177,1976,"adventure, biography, drama, history, war",31369,7/30/1976,http://www.imdb.com/title/tt0074896/
168,tt0091251,Wed Sep 21 16:03:10 2016,Wed Sep 21 16:03:10 2016,,Come and See,Feature Film,E. Klimov,,8.3,142,1985,"drama, war",26598,7/10/1985,http://www.imdb.com/title/tt0091251/
169,tt0978762,Wed Sep 21 16:03:11 2016,Wed Sep 21 16:03:11 2016,,Mary and Max,Feature Film,Adam Elliot,,8.2,92,2009,"animation, comedy, drama",121318,1/15/2009,http://www.imdb.com/title/tt0978762/
170,tt2267998,Wed Sep 21 16:03:16 2016,Wed Sep 21 16:03:16 2016,,Gone Girl,Feature Film,David Fincher,,8.1,149,2014,"crime, drama, mystery, thriller",583581,9/26/2014,http://www.imdb.com/title/tt2267998/
171,tt0266697,Wed Sep 21 16:03:16 2016,Wed Sep 21 16:03:16 2016,,Kill Bill: Vol. 1,Feature Film,Quentin Tarantino,,8.1,111,2003,"action, thriller",745945,10/10/2003,http://www.imdb.com/title/tt0266697/
172,tt0025316,Wed Sep 21 16:03:17 2016,Wed Sep 21 16:03:17 2016,,It Happened One Night,Feature Film,Frank Capra,,8.2,105,1934,"comedy, romance",65928,2/22/1934,http://www.imdb.com/title/tt0025316/
173,tt0469494,Wed Sep 21 16:03:18 2016,Wed Sep 21 16:03:18 2016,,There Will Be Blood,Feature Film,Paul Thomas Anderson,,8.1,158,2007,drama,379160,9/27/2007,http://www.imdb.com/title/tt0469494/
174,tt0079470,Wed Sep 21 16:03:18 2016,Wed Sep 21 16:03:18 2016,,Life of Brian,Feature Film,Terry Jones,,8.1,94,1979,comedy,276018,8/17/1979,http://www.imdb.com/title/tt0079470/
175,tt1979320,Wed Sep 21 16:03:19 2016,Wed Sep 21 16:03:19 2016,,Rush,Feature Film,Ron Howard,,8.1,123,2013,"action, biography, drama, sport",318269,9/2/2013,http://www.imdb.com/title/tt1979320/
176,tt0050783,Wed Sep 21 16:03:20 2016,Wed Sep 21 16:03:20 2016,,Nights of Cabiria,Feature Film,Federico Fellini,,8.2,110,1957,drama,26598,5/11/1957,http://www.imdb.com/title/tt0050783/
177,tt0395169,Wed Sep 21 16:03:21 2016,Wed Sep 21 16:03:21 2016,,Hotel Rwanda,Feature Film,Terry George,,8.1,121,2004,"drama, history, war",267834,9/11/2004,http://www.imdb.com/title/tt0395169/
178,tt0091763,Wed Sep 21 16:03:21 2016,Wed Sep 21 16:03:21 2016,,Platoon,Feature Film,Oliver Stone,,8.1,120,1986,"drama, war",295164,12/19/1986,http://www.imdb.com/title/tt0091763/
179,tt0046268,Wed Sep 21 16:03:26 2016,Wed Sep 21 16:03:26 2016,,The Wages of Fear,Feature Film,Henri-Georges Clouzot,,8.2,131,1953,"adventure, drama, thriller",35961,4/15/1953,http://www.imdb.com/title/tt0046268/
180,tt0074958,Wed Sep 21 16:03:27 2016,Wed Sep 21 16:03:27 2016,,Network,Feature Film,Sidney Lumet,,8.1,121,1976,drama,105073,11/14/1976,http://www.imdb.com/title/tt0074958/
181,tt1895587,Wed Sep 21 16:03:27 2016,Wed Sep 21 16:03:27 2016,,Spotlight,Feature Film,Tom McCarthy,,8.1,128,2015,"biography, crime, drama, history",212961,9/3/2015,http://www.imdb.com/title/tt1895587/
182,tt0033870,Wed Sep 21 16:03:28 2016,Wed Sep 21 16:03:28 2016,,The Maltese Falcon,Feature Film,John Huston,,8.1,100,1941,"film_noir, mystery",114779,10/3/1941,http://www.imdb.com/title/tt0033870/
183,tt1130884,Wed Sep 21 16:03:29 2016,Wed Sep 21 16:03:29 2016,,Shutter Island,Feature Film,Martin Scorsese,,8.1,138,2010,"mystery, thriller",799945,2/13/2010,http://www.imdb.com/title/tt1130884/
184,tt0064115,Wed Sep 21 16:03:29 2016,Wed Sep 21 16:03:29 2016,,Butch Cassidy and the Sundance Kid,Feature Film,George Roy Hill,,8.1,110,1969,"biography, crime, drama, western",154289,9/23/1969,http://www.imdb.com/title/tt0064115/
185,tt1392190,Wed Sep 21 16:03:30 2016,Wed Sep 21 16:03:30 2016,,Mad Max: Fury Road,Feature Film,George Miller,,8.1,120,2015,"action, adventure, sci_fi, thriller",571169,5/7/2015,http://www.imdb.com/title/tt1392190/
186,tt0092005,Wed Sep 21 16:03:31 2016,Wed Sep 21 16:03:31 2016,,Stand by Me,Feature Film,Rob Reiner,,8.1,89,1986,"adventure, drama",276283,8/8/1986,http://www.imdb.com/title/tt0092005/
187,tt0107207,Wed Sep 21 16:03:35 2016,Wed Sep 21 16:03:35 2016,,In the Name of the Father,Feature Film,Jim Sheridan,,8.1,133,1993,"biography, drama, history",111669,12/12/1993,http://www.imdb.com/title/tt0107207/
188,tt0060827,Wed Sep 21 16:03:37 2016,Wed Sep 21 16:03:37 2016,,Persona,Feature Film,Ingmar Bergman,,8.1,85,1966,"drama, thriller",62934,10/18/1966,http://www.imdb.com/title/tt0060827/
189,tt2024544,Wed Sep 21 16:03:38 2016,Wed Sep 21 16:03:38 2016,,12 Years a Slave,Feature Film,Steve McQueen,,8.1,134,2013,"biography, drama, history",448522,8/30/2013,http://www.imdb.com/title/tt2024544/
190,tt2278388,Wed Sep 21 16:03:39 2016,Wed Sep 21 16:03:39 2016,,The Grand Budapest Hotel,Feature Film,Wes Anderson,,8.1,99,2014,"adventure, comedy, crime, drama",487361,2/6/2014,http://www.imdb.com/title/tt2278388/
191,tt0052618,Wed Sep 21 16:03:39 2016,Wed Sep 21 16:03:39 2016,,Ben-Hur,Feature Film,William Wyler,,8.1,212,1959,"adventure, drama, history",163771,11/18/1959,http://www.imdb.com/title/tt0052618/
192,tt0053198,Wed Sep 21 16:03:40 2016,Wed Sep 21 16:03:40 2016,,The 400 Blows,Feature Film,François Truffaut,,8.1,99,1959,"crime, drama",71317,5/4/1959,http://www.imdb.com/title/tt0053198/
193,tt3011894,Wed Sep 21 16:03:40 2016,Wed Sep 21 16:03:40 2016,,Wild Tales,Feature Film,Damián Szifron,,8.1,122,2014,"comedy, drama, thriller",94176,5/17/2014,http://www.imdb.com/title/tt3011894/
194,tt0245712,Wed Sep 21 16:03:41 2016,Wed Sep 21 16:03:41 2016,,Amores Perros,Feature Film,Alejandro González Iñárritu,,8.1,154,2000,"drama, thriller",175614,5/14/2000,http://www.imdb.com/title/tt0245712/
195,tt0405159,Wed Sep 21 16:03:45 2016,Wed Sep 21 16:03:45 2016,,Million Dollar Baby,Feature Film,Clint Eastwood,,8.1,132,2004,"drama, sport",488649,12/5/2004,http://www.imdb.com/title/tt0405159/
196,tt2948356,Wed Sep 21 16:03:46 2016,Wed Sep 21 16:03:46 2016,,Zootopia,Feature Film,"Byron Howard, Rich Moore",,8.1,108,2016,"animation, adventure, comedy, crime, family, mystery",204846,2/11/2016,http://www.imdb.com/title/tt2948356/
197,tt0093779,Wed Sep 21 16:03:46 2016,Wed Sep 21 16:03:46 2016,,The Princess Bride,Feature Film,Rob Reiner,,8.1,98,1987,"adventure, family, fantasy, romance",297989,9/18/1987,http://www.imdb.com/title/tt0093779/
198,tt0107290,Wed Sep 21 16:03:47 2016,Wed Sep 21 16:03:47 2016,,Jurassic Park,Feature Film,Steven Spielberg,,8.1,127,1993,"adventure, sci_fi, thriller",623662,6/9/1993,http://www.imdb.com/title/tt0107290/
199,tt1028532,Wed Sep 21 16:03:48 2016,Wed Sep 21 16:03:48 2016,,Hachi: A Dog's Tale,Feature Film,Lasse Hallström,,8.1,93,2009,"drama, family",159765,6/13/2009,http://www.imdb.com/title/tt1028532/
200,tt0052311,Wed Sep 21 16:03:48 2016,Wed Sep 21 16:03:48 2016,,Touch of Evil,Feature Film,Orson Welles,,8.1,95,1958,"crime, drama, film_noir, thriller",73896,4/23/1958,http://www.imdb.com/title/tt0052311/
201,tt0087544,Wed Sep 21 16:03:49 2016,Wed Sep 21 16:03:49 2016,,Nausicaä of the Valley of the Wind,Feature Film,Hayao Miyazaki,,8.1,117,1984,"animation, adventure, fantasy, sci_fi",98087,3/11/1984,http://www.imdb.com/title/tt0087544/
202,tt0032551,Wed Sep 21 16:03:50 2016,Wed Sep 21 16:03:50 2016,,The Grapes of Wrath,Feature Film,John Ford,,8.1,129,1940,"drama, history",64094,1/24/1940,http://www.imdb.com/title/tt0032551/
203,tt0079944,Wed Sep 21 16:03:54 2016,Wed Sep 21 16:03:54 2016,,Stalker,Feature Film,Andrey Tarkovskiy,,8.1,163,1979,"drama, sci_fi",69664,1979-05,http://www.imdb.com/title/tt0079944/
204,tt0075686,Wed Sep 21 16:03:54 2016,Wed Sep 21 16:03:54 2016,,Annie Hall,Feature Film,Woody Allen,,8.1,93,1977,"comedy, romance",195918,3/27/1977,http://www.imdb.com/title/tt0075686/
205,tt0353969,Wed Sep 21 16:03:55 2016,Wed Sep 21 16:03:55 2016,,Memories of Murder,Feature Film,Joon Ho Bong,,8.1,131,2003,"crime, drama, mystery, thriller",68962,5/2/2003,http://www.imdb.com/title/tt0353969/
206,tt0112471,Wed Sep 21 16:03:56 2016,Wed Sep 21 16:03:56 2016,,Before Sunrise,Feature Film,Richard Linklater,,8.1,105,1995,"drama, romance",186687,1/27/1995,http://www.imdb.com/title/tt0112471/
207,tt0120382,Wed Sep 21 16:03:57 2016,Wed Sep 21 16:03:57 2016,,The Truman Show,Feature Film,Peter Weir,,8.1,103,1998,"comedy, drama, sci_fi",678918,6/1/1998,http://www.imdb.com/title/tt0120382/
208,tt0440963,Wed Sep 21 16:03:59 2016,Wed Sep 21 16:03:59 2016,,The Bourne Ultimatum,Feature Film,Paul Greengrass,,8.1,115,2007,"action, mystery, thriller",499508,7/25/2007,http://www.imdb.com/title/tt0440963/
209,tt0083987,Wed Sep 21 16:03:59 2016,Wed Sep 21 16:03:59 2016,,Gandhi,Feature Film,Richard Attenborough,,8.1,191,1982,"biography, drama, history",174024,11/30/1982,http://www.imdb.com/title/tt0083987/
210,tt0046911,Wed Sep 21 16:04:00 2016,Wed Sep 21 16:04:00 2016,,Diabolique,Feature Film,H.G. Clouzot,,8.1,116,1955,"crime, drama, horror, mystery, thriller",42739,1/29/1955,http://www.imdb.com/title/tt0046911/
211,tt0075148,Wed Sep 21 16:04:01 2016,Wed Sep 21 16:04:01 2016,,Rocky,Feature Film,John G. Avildsen,,8.1,120,1976,"drama, sport",381098,11/21/1976,http://www.imdb.com/title/tt0075148/
212,tt0246578,Wed Sep 21 16:04:05 2016,Wed Sep 21 16:04:05 2016,,Donnie Darko,Feature Film,Richard Kelly,,8.1,113,2001,"drama, sci_fi, thriller",588443,1/19/2001,http://www.imdb.com/title/tt0246578/
213,tt1201607,Wed Sep 21 16:04:06 2016,Wed Sep 21 16:04:06 2016,,Harry Potter and the Deathly Hallows: Part 2,Feature Film,David Yates,,8.1,130,2011,"adventure, drama, fantasy, mystery",551452,7/7/2011,http://www.imdb.com/title/tt1201607/
214,tt0056801,Wed Sep 21 16:04:07 2016,Wed Sep 21 16:04:07 2016,,8½,Feature Film,Federico Fellini,,8.1,138,1963,"drama, fantasy",79725,2/13/1963,http://www.imdb.com/title/tt0056801/
215,tt0198781,Wed Sep 21 16:04:09 2016,Wed Sep 21 16:04:09 2016,,"Monsters, Inc.",Feature Film,"Pete Docter, David Silverman",,8.1,92,2001,"animation, adventure, comedy, family, fantasy",595467,10/28/2001,http://www.imdb.com/title/tt0198781/
216,tt0032138,Wed Sep 21 16:04:10 2016,Wed Sep 21 16:04:10 2016,,The Wizard of Oz,Feature Film,Victor Fleming,,8.1,102,1939,"adventure, family, fantasy, musical",295291,8/12/1939,http://www.imdb.com/title/tt0032138/
217,tt0088247,Wed Sep 21 16:04:10 2016,Wed Sep 21 16:04:10 2016,,The Terminator,Feature Film,James Cameron,,8.1,107,1984,"action, sci_fi",608627,10/26/1984,http://www.imdb.com/title/tt0088247/
218,tt0114746,Wed Sep 21 16:04:11 2016,Wed Sep 21 16:04:11 2016,,Twelve Monkeys,Feature Film,Terry Gilliam,,8.1,129,1995,"mystery, sci_fi, thriller",468364,12/27/1995,http://www.imdb.com/title/tt0114746/
219,tt0107048,Wed Sep 21 16:04:12 2016,Wed Sep 21 16:04:12 2016,,Groundhog Day,Feature Film,Harold Ramis,,8.1,101,1993,"comedy, fantasy, romance",443526,2/4/1993,http://www.imdb.com/title/tt0107048/
220,tt0036868,Wed Sep 21 16:04:15 2016,Wed Sep 21 16:04:15 2016,,The Best Years of Our Lives,Feature Film,William Wyler,,8.1,172,1946,"drama, romance, war",40866,11/21/1946,http://www.imdb.com/title/tt0036868/
221,tt1865505,Wed Sep 21 16:04:16 2016,Wed Sep 21 16:04:16 2016,,Song of the Sea,Feature Film,Tomm Moore,,8.2,93,2014,"animation, adventure, family, fantasy",26517,9/6/2014,http://www.imdb.com/title/tt1865505/
222,tt0338564,Wed Sep 21 16:04:16 2016,Wed Sep 21 16:04:16 2016,,Infernal Affairs,Feature Film,"Andrew Lau, Alan Mak",,8.1,101,2002,"crime, drama, mystery, thriller",92936,12/12/2002,http://www.imdb.com/title/tt0338564/
223,tt0073195,Wed Sep 21 16:04:17 2016,Wed Sep 21 16:04:17 2016,,Jaws,Feature Film,Steven Spielberg,,8,124,1975,"adventure, drama, thriller",418530,6/20/1975,http://www.imdb.com/title/tt0073195/
224,tt1392214,Wed Sep 21 16:04:18 2016,Wed Sep 21 16:04:18 2016,,Prisoners,Feature Film,Denis Villeneuve,,8.1,153,2013,"crime, drama, mystery, thriller",392721,8/30/2013,http://www.imdb.com/title/tt1392214/
225,tt0044079,Wed Sep 21 16:04:19 2016,Wed Sep 21 16:04:19 2016,,Strangers on a Train,Feature Film,Alfred Hitchcock,,8.1,101,1951,"crime, film_noir, thriller",97829,6/30/1951,http://www.imdb.com/title/tt0044079/
226,tt0072684,Wed Sep 21 16:04:19 2016,Wed Sep 21 16:04:19 2016,,Barry Lyndon,Feature Film,Stanley Kubrick,,8.1,184,1975,"adventure, drama, history, war",103246,12/11/1975,http://www.imdb.com/title/tt0072684/
227,tt0113247,Wed Sep 21 16:04:24 2016,Wed Sep 21 16:04:24 2016,,La Haine,Feature Film,Mathieu Kassovitz,,8.1,98,1995,"crime, drama",105147,5/27/1995,http://www.imdb.com/title/tt0113247/
228,tt1431045,Wed Sep 21 16:04:24 2016,Wed Sep 21 16:04:24 2016,,Deadpool,Feature Film,Tim Miller,,8.1,108,2016,"action, adventure, comedy, romance, sci_fi",518596,1/21/2016,http://www.imdb.com/title/tt1431045/
229,tt0401792,Wed Sep 21 16:04:25 2016,Wed Sep 21 16:04:25 2016,,Sin City,Feature Film,"Frank Miller, Robert Rodriguez",,8.1,124,2005,"crime, thriller",662918,3/28/2005,http://www.imdb.com/title/tt0401792/
230,tt0041546,Wed Sep 21 16:04:25 2016,Wed Sep 21 16:04:25 2016,,Kind Hearts and Coronets,Feature Film,Robert Hamer,,8.2,106,1949,"comedy, crime",27001,6/21/1949,http://www.imdb.com/title/tt0041546/
231,tt1663202,Wed Sep 21 16:04:26 2016,Wed Sep 21 16:04:26 2016,,The Revenant,Feature Film,Alejandro G. Iñárritu,,8.1,156,2015,"adventure, drama, thriller, western",431620,12/16/2015,http://www.imdb.com/title/tt1663202/
232,tt0264464,Wed Sep 21 16:04:27 2016,Wed Sep 21 16:04:27 2016,,Catch Me If You Can,Feature Film,Steven Spielberg,,8,141,2002,"biography, crime, drama",538115,12/16/2002,http://www.imdb.com/title/tt0264464/
233,tt0058946,Wed Sep 21 16:04:28 2016,Wed Sep 21 16:04:28 2016,,The Battle of Algiers,Feature Film,Gillo Pontecorvo,,8.1,121,1966,"drama, war",38008,8/31/1966,http://www.imdb.com/title/tt0058946/
234,tt0072890,Wed Sep 21 16:04:29 2016,Wed Sep 21 16:04:29 2016,,Dog Day Afternoon,Feature Film,Sidney Lumet,,8,125,1975,"crime, drama",185003,9/20/1975,http://www.imdb.com/title/tt0072890/
235,tt1220719,Wed Sep 21 16:04:31 2016,Wed Sep 21 16:04:31 2016,,Ip Man,Feature Film,Wilson Yip,,8.1,106,2008,"action, biography, drama, sport",171836,12/12/2008,http://www.imdb.com/title/tt1220719/
236,tt0325980,Wed Sep 21 16:04:32 2016,Wed Sep 21 16:04:32 2016,,Pirates of the Caribbean: The Curse of the Black Pearl,Feature Film,Gore Verbinski,,8.1,143,2003,"action, adventure, fantasy",820065,6/28/2003,http://www.imdb.com/title/tt0325980/
237,tt1454029,Wed Sep 21 16:04:33 2016,Wed Sep 21 16:04:33 2016,,The Help,Feature Film,Tate Taylor,,8.1,146,2011,drama,323334,8/9/2011,http://www.imdb.com/title/tt1454029/
238,tt3659388,Wed Sep 21 16:04:33 2016,Wed Sep 21 16:04:33 2016,,The Martian,Feature Film,Ridley Scott,,8,144,2015,"adventure, drama, sci_fi",497475,9/11/2015,http://www.imdb.com/title/tt3659388/
239,tt2084970,Wed Sep 21 16:04:34 2016,Wed Sep 21 16:04:34 2016,,The Imitation Game,Feature Film,Morten Tyldum,,8.1,114,2014,"biography, drama, thriller, war",482631,8/29/2014,http://www.imdb.com/title/tt2084970/
240,tt1954470,Wed Sep 21 16:04:35 2016,Wed Sep 21 16:04:35 2016,,Gangs of Wasseypur,Feature Film,Anurag Kashyap,,8.3,320,2012,"action, crime, drama, thriller",47799,5/22/2012,http://www.imdb.com/title/tt1954470/
241,tt0083922,Wed Sep 21 16:04:38 2016,Wed Sep 21 16:04:38 2016,,Fanny and Alexander,Feature Film,Ingmar Bergman,,8.1,188,1982,drama,44010,12/17/1982,http://www.imdb.com/title/tt0083922/
242,tt0092067,Wed Sep 21 16:04:41 2016,Wed Sep 21 16:04:41 2016,,Castle in the Sky,Feature Film,Hayao Miyazaki,,8.1,125,1986,"animation, adventure, family, fantasy",101362,8/2/1986,http://www.imdb.com/title/tt0092067/
243,tt0046250,Wed Sep 21 16:04:42 2016,Wed Sep 21 16:04:42 2016,,Roman Holiday,Feature Film,William Wyler,,8.1,118,1953,"comedy, romance",102578,8/21/1953,http://www.imdb.com/title/tt0046250/
244,tt0058461,Wed Sep 21 16:04:43 2016,Wed Sep 21 16:04:43 2016,,A Fistful of Dollars,Feature Film,Sergio Leone,,8,99,1964,"action, drama, western",150474,9/12/1964,http://www.imdb.com/title/tt0058461/
245,tt2015381,Wed Sep 21 16:04:44 2016,Wed Sep 21 16:04:44 2016,,Guardians of the Galaxy,Feature Film,James Gunn,,8.1,121,2014,"action, adventure, sci_fi",698421,7/21/2014,http://www.imdb.com/title/tt2015381/
246,tt1504320,Wed Sep 21 16:04:44 2016,Wed Sep 21 16:04:44 2016,,The King's Speech,Feature Film,Tom Hooper,,8,118,2010,"biography, drama",511183,9/6/2010,http://www.imdb.com/title/tt1504320/
247,tt0848228,Wed Sep 21 16:04:45 2016,Wed Sep 21 16:04:45 2016,,The Avengers,Feature Film,Joss Whedon,,8.1,143,2012,"action, sci_fi, thriller",1009653,4/11/2012,http://www.imdb.com/title/tt0848228/
248,tt0050613,Wed Sep 21 16:04:49 2016,Wed Sep 21 16:04:49 2016,,Throne of Blood,Feature Film,Akira Kurosawa,,8.1,110,1957,drama,32582,1/15/1957,http://www.imdb.com/title/tt0050613/
249,tt0087884,Wed Sep 21 16:04:49 2016,Wed Sep 21 16:04:49 2016,,"Paris, Texas",Feature Film,Wim Wenders,,8.1,147,1984,drama,50767,5/19/1984,http://www.imdb.com/title/tt0087884/
250,tt0169102,Wed Sep 21 16:04:50 2016,Wed Sep 21 16:04:50 2016,,Lagaan: Once Upon a Time in India,Feature Film,Ashutosh Gowariker,,8.2,224,2001,"adventure, drama, musical, romance, sport",73757,6/15/2001,http://www.imdb.com/title/tt0169102/
